{
  "model": "EfficientNetV2-S",
  "dataset": "feline_skin_splits",
  "num_classes": 4,
  "class_names": [
    "Flea_Allergy",
    "Health",
    "Ringworm",
    "Scabies"
  ],
  "best_epoch": 16,
  "test": {
    "accuracy": 0.9013157894736842,
    "accuracy_ci_95": [
      0.8435645944507106,
      0.9392815775598435
    ],
    "f1_macro": 0.901716231176956,
    "f1_per_class": {
      "Flea_Allergy": 0.9041095890410958,
      "Health": 0.9230769230769231,
      "Ringworm": 0.8607594936708861,
      "Scabies": 0.918918918918919
    },
    "cohen_kappa": 0.868421052631579,
    "confusion_matrix": [
      [
        33,
        0,
        5,
        0
      ],
      [
        1,
        36,
        1,
        0
      ],
      [
        1,
        1,
        34,
        2
      ],
      [
        0,
        3,
        1,
        34
      ]
    ],
    "n": 152
  }
}